ENTRY,USCPI,CANEX,CANCPI,JAPANEX,JAPANCPI,SWEX,SWCPI
1974:01:00,117.293,0.992,121.077,299.685,135.294,3.364,127.774
1974:02:00,118.546,0.977,122.057,291.658,139.706,3.176,126.836
1974:03:00,119.799,0.972,123.528,287.949,140.294,3.079,127.431
1974:04:00,120.551,0.968,124.508,292.197,144.118,3.027,126.662
1974:05:00,121.805,0.962,126.959,291.43,144.706,2.917,128.886
1974:06:00,122.807,0.966,127.939,293.466,145.294,2.99,129.571
1974:07:00,123.559,0.976,128.92,296.374,148.235,2.964,129.999
1974:08:00,125.063,0.98,130.39,297.976,149.706,2.985,131.28
1974:09:00,126.817,0.986,131.371,299.909,151.765,2.997,133.415
1974:10:00,127.82,0.983,132.841,302.336,155.294,2.897,134.271
1974:11:00,129.073,0.987,133.822,302.545,156.471,2.75,136.149
1974:12:00,130.075,0.988,135.292,305.67,157.059,2.603,136.321
1975:01:00,131.078,0.995,135.292,304.636,158.824,2.528,137.09
1975:02:00,131.83,1,136.763,301.594,159.118,2.473,137.518
1975:03:00,132.331,1,137.253,300.518,160.588,2.483,138.033
1975:04:00,132.832,1.011,138.233,299.109,163.235,2.559,138.374
1975:05:00,133.083,1.029,139.704,299.004,164.118,2.51,139.399
1975:06:00,134.085,1.026,141.174,299.191,164.118,2.495,139.911
1975:07:00,135.338,1.031,143.135,294.641,164.706,2.614,139.655
1975:08:00,135.84,1.035,144.606,290.626,164.118,2.679,140.083
1975:09:00,136.842,1.026,145.096,287.361,167.647,2.71,140.593
1975:10:00,137.594,1.025,146.076,291.189,170.294,2.663,140.767
1975:11:00,138.596,1.014,147.547,295.165,169.706,2.654,141.193
1975:12:00,139.348,1.014,148.037,294.702,169.706,2.634,141.021
1976:01:00,139.85,1.007,148.527,291.052,172.647,2.603,141.792
1976:02:00,140.1,0.994,149.508,285.022,174.118,2.57,141.705
1976:03:00,140.351,0.986,149.998,280.226,174.412,2.566,141.449
1976:04:00,140.602,0.984,150.488,275.207,178.529,2.53,141.449
1976:05:00,141.353,0.98,151.468,277.426,179.412,2.487,141.193
1976:06:00,142.105,0.974,152.449,272.861,179.706,2.47,141.449
1976:07:00,142.857,0.972,153.429,264.863,180.882,2.485,141.705
1976:08:00,143.609,0.985,153.429,266.677,179.706,2.481,142.218
1976:09:00,144.361,0.975,154.409,266.77,184.118,2.473,141.877
1976:10:00,145.113,0.973,155.39,254.744,185.294,2.446,142.218
1976:11:00,145.614,0.986,155.88,244.703,185.294,2.442,142.474
1976:12:00,146.366,1.018,156.37,241.023,187.647,2.45,142.817
1977:01:00,147.118,1.01,157.841,241.081,189.118,2.492,143.071
1977:02:00,148.622,1.028,158.821,240.372,190,2.521,143.161
1977:03:00,149.373,1.051,160.782,231.857,191.176,2.551,142.902
1977:04:00,150.376,1.052,161.762,221.857,194.412,2.526,143.071
1977:05:00,150.877,1.049,163.723,226.179,196.176,2.519,142.987
1977:06:00,151.629,1.058,164.213,214.106,195.294,2.49,143.927
1977:07:00,152.381,1.061,166.174,199.696,194.706,2.41,144.014
1977:08:00,153.133,1.075,166.174,188.71,195,2.408,144.014
1977:09:00,153.634,1.073,167.645,189.92,198.235,2.374,144.099
1977:10:00,154.386,1.099,169.115,183.631,199.412,2.278,144.388
1977:11:00,155.388,1.109,170.096,192.143,197.353,2.198,144.243
1977:12:00,156.14,1.097,171.076,195.955,196.765,2.077,144.532
1978:01:00,157.143,1.101,172.056,197.755,197.647,1.986,144.532
1978:02:00,157.895,1.113,173.527,200.507,198.824,1.91,144.674
1978:03:00,158.897,1.126,174.997,206.324,200.588,1.899,144.818
1978:04:00,160.15,1.142,175.488,216.285,202.647,1.905,145.107
1978:05:00,161.654,1.119,177.939,218.414,203.824,1.965,145.251
1978:06:00,162.907,1.122,179.409,218.597,202.941,1.885,145.54
1978:07:00,164.16,1.125,181.86,216.51,203.529,1.804,145.54
1978:08:00,165.163,1.14,182.35,217.926,204.118,1.667,145.684
1978:09:00,166.667,1.166,181.86,222.414,206.176,1.57,145.251
1978:10:00,168.17,1.183,184.311,230.485,206.765,1.537,144.965
1978:11:00,169.173,1.173,185.291,244.984,204.706,1.675,145.251
1978:12:00,170.175,1.18,185.782,240.375,204.412,1.676,145.54
1979:01:00,171.679,1.19,186.762,237.889,204.706,1.671,146.117
1979:02:00,173.434,1.196,189.213,244.35,204.118,1.675,147.702
1979:03:00,175.188,1.174,191.174,248.479,205.882,1.682,148.421
1979:04:00,176.942,1.146,192.644,250.275,208.529,1.718,148.854
1979:05:00,178.947,1.156,194.605,228.629,210.294,1.727,149.431
1979:06:00,180.952,1.172,195.585,217.918,210.588,1.699,151.446
1979:07:00,182.957,1.164,197.056,221.136,212.353,1.649,151.879
1979:08:00,184.712,1.171,197.546,223.914,210.294,1.657,151.591
1979:09:00,186.466,1.165,199.507,214.417,212.941,1.611,152.312
1979:10:00,188.471,1.175,200.977,209.323,215.588,1.631,152.168
1979:11:00,190.476,1.18,202.938,213.106,214.706,1.643,152.745
1979:12:00,192.732,1.17,203.919,209.489,216.176,1.599,153.031
1980:01:00,195.489,1.164,204.899,202.367,218.235,1.595,153.464
1980:02:00,197.995,1.156,207.35,205.717,220,1.641,153.753
1980:03:00,200.752,1.173,208.82,208.792,221.176,1.764,154.186
1980:04:00,202.757,1.186,210.291,214.976,225.294,1.761,154.907
1980:05:00,204.762,1.174,212.742,220.629,227.059,1.663,155.915
1980:06:00,206.767,1.152,215.193,224.18,227.941,1.634,156.348
1980:07:00,207.018,1.152,216.663,232.326,228.235,1.608,156.925
1980:08:00,208.521,1.159,219.114,233.326,227.647,1.652,157.933
1980:09:00,210.276,1.165,220.585,229.481,231.471,1.639,158.077
1980:10:00,212.281,1.169,222.546,231.519,232.059,1.662,157.789
1980:11:00,214.536,1.186,225.487,223.127,232.647,1.726,159.229
1980:12:00,216.541,1.197,226.467,218.955,231.765,1.785,159.804
1981:01:00,218.546,1.191,229.899,224.805,234.118,1.822,161.392
1981:02:00,220.551,1.198,232.35,235.306,233.824,1.942,162.976
1981:03:00,222.055,1.191,235.291,241.228,234.706,1.922,163.984
1981:04:00,223.308,1.191,236.761,244.107,236.471,1.974,163.698
1981:05:00,224.812,1.201,238.722,236.964,238.529,2.066,165.139
1981:06:00,226.817,1.204,242.643,251.198,239.118,2.074,166.291
1981:07:00,229.323,1.211,244.604,255.031,238.235,2.098,167.154
1981:08:00,231.078,1.223,246.565,259.046,237.059,2.17,169.749
1981:09:00,233.333,1.201,248.526,263.286,240.882,2.022,169.894
1981:10:00,234.085,1.203,250.977,271.615,241.471,1.885,169.316
1981:11:00,235.088,1.187,252.937,264.088,241.471,1.786,170.324
1981:12:00,235.84,1.185,253.918,241.941,241.471,1.815,170.324
1982:01:00,236.591,1.193,255.879,232.731,241.471,1.844,171.19
1982:02:00,237.343,1.214,258.82,236.121,241.471,1.891,171.479
1982:03:00,237.343,1.22,262.251,238.254,241.471,1.889,171.765
1982:04:00,238.095,1.225,263.722,237.747,243.529,1.962,172.775
1982:05:00,240.351,1.234,267.153,234.756,244.412,1.95,174.937
1982:06:00,243.108,1.276,270.094,240.031,244.412,2.079,176.522
1982:07:00,244.361,1.27,271.565,240.516,242.941,2.096,177.241
1982:08:00,244.862,1.245,272.545,244.461,244.706,2.112,178.537
1982:09:00,244.862,1.235,274.016,242.346,248.235,2.142,179.259
1982:10:00,245.865,1.23,275.976,232.886,249.118,2.174,179.692
1982:11:00,245.614,1.226,277.447,235.03,246.765,2.193,180.269
1982:12:00,244.862,1.238,277.447,234.462,246.471,2.05,179.691
1983:01:00,245.363,1.229,276.957,233.8,246.765,1.968,179.423
1983:02:00,245.614,1.228,278.427,233.596,245.882,2.018,179.671
1983:03:00,245.865,1.226,281.368,225.266,247.353,2.066,180.014
1983:04:00,247.619,1.232,281.368,225.2,248.235,2.059,180.577
1983:05:00,248.622,1.229,281.859,230.478,250.882,2.057,180.731
1983:06:00,249.123,1.232,284.8,233.566,249.412,2.112,181.478
1983:07:00,250.125,1.232,286.27,243.068,248.235,2.118,181.124
1983:08:00,250.877,1.234,287.741,242.261,247.941,2.163,181.612
1983:09:00,251.629,1.233,287.741,245.457,250.588,2.162,181.838
1983:10:00,252.632,1.232,289.702,246.755,252.647,2.112,182.273
1983:11:00,253.383,1.237,289.702,243.631,251.471,2.17,183.428
1983:12:00,254.135,1.247,290.192,247.964,250.588,2.198,183.53
1984:01:00,255.89,1.248,292.153,254.183,251.471,2.238,184.189
1984:02:00,257.143,1.248,293.623,260.478,252.941,2.205,184.854
1984:03:00,257.895,1.27,294.113,257.921,253.529,2.149,186.056
1984:04:00,258.897,1.28,295.094,251.845,254.118,2.191,186.33
1984:05:00,259.398,1.294,295.094,251.73,255.882,2.268,185.943
1984:06:00,259.9,1.304,297.054,248.84,254.118,2.283,186.542
1984:07:00,260.902,1.324,298.035,241.136,254.706,2.412,186.212
1984:08:00,261.654,1.304,298.035,237.461,252.647,2.415,186.872
1984:09:00,262.406,1.315,298.525,236.528,256.471,2.505,186.758
1984:10:00,263.409,1.319,299.505,214.68,258.235,2.525,187.939
1984:11:00,263.91,1.317,300.976,204.074,257.059,2.47,188.921
1984:12:00,264.411,1.32,300.976,202.788,257.353,2.56,188.86
1985:01:00,264.912,1.324,302.447,199.891,258.235,2.659,190.706
1985:02:00,266.416,1.355,304.407,184.852,257.353,2.805,192.262
1985:03:00,267.669,1.384,304.897,178.694,258.235,2.803,193.331
1985:04:00,268.17,1.366,306.368,175.092,259.706,2.595,193.096
1985:05:00,268.672,1.376,307.348,167.031,260.294,2.615,192.962
1985:06:00,269.424,1.368,308.819,167.542,260.294,2.572,192.866
1985:07:00,269.925,1.353,310.29,158.606,260.882,2.406,192.454
1985:08:00,270.426,1.357,310.29,154.177,260.294,2.296,192.413
1985:09:00,270.927,1.37,310.78,154.731,260.588,2.336,193.006
1985:10:00,271.93,1.367,311.76,156.472,262.941,2.169,193.487
1985:11:00,273.183,1.377,312.74,162.849,260.882,2.131,194.855
1985:12:00,274.436,1.396,314.211,162.052,261.176,2.104,194.975
1986:01:00,275.439,1.407,315.682,154.83,262.059,2.066,194.892
1986:02:00,274.937,1.404,317.152,153.407,261.765,1.955,194.844
1986:03:00,273.434,1.401,318.133,151.433,261.765,1.915,195.085
1986:04:00,272.431,1.388,318.133,142.899,262.353,1.902,194.978
1986:05:00,273.183,1.376,320.093,140.479,263.235,1.854,194.384
1986:06:00,274.185,1.39,320.583,144.549,261.765,1.841,194.344
1986:07:00,274.436,1.381,323.034,150.294,261.176,1.744,193.427
1986:08:00,274.687,1.389,323.525,147.334,260.588,1.662,193.8
1986:09:00,275.689,1.387,323.525,143.291,261.765,1.654,194.137
1986:10:00,276.19,1.389,325.485,143.32,262.059,1.643,194.184
1986:11:00,276.692,1.386,326.956,135.397,260.882,1.686,194.665
1986:12:00,277.694,1.38,327.446,128.242,260.294,1.665,195.054
1987:01:00,279.198,1.361,328.427,127.685,259.412,1.562,196.182
1987:02:00,280.201,1.334,329.897,129.167,259.412,1.54,196.758
1987:03:00,281.203,1.319,330.877,127.114,260.294,1.539,197.033
1987:04:00,282.456,1.319,332.838,124.898,262.647,1.496,197.279
1987:05:00,283.208,1.341,334.799,124.787,263.235,1.47,196.185
1987:06:00,284.461,1.339,335.779,127.466,262.647,1.509,196.812
1987:07:00,285.213,1.326,337.74,133.022,261.471,1.537,196.862
1987:08:00,286.466,1.326,338.23,133.766,261.765,1.536,197.628
1987:09:00,287.469,1.315,338.23,134.318,264.118,1.503,197.158
1987:10:00,288.221,1.31,339.211,128.68,264.118,1.494,198.028
1987:11:00,289.223,1.317,340.681,123.202,262.647,1.383,198.748
1987:12:00,289.724,1.308,341.171,123.608,262.353,1.33,198.734
1988:01:00,290.727,1.286,341.662,127.363,261.765,1.347,199.241
1988:02:00,291.228,1.268,343.132,127.737,261.176,1.392,200.215
1988:03:00,291.98,1.249,345.093,130.55,262.059,1.386,200.678
1988:04:00,293.734,1.235,346.073,132.036,263.529,1.382,201.061
1988:05:00,294.486,1.237,348.034,137.864,263.824,1.411,200.573
1988:06:00,295.739,1.218,349.014,143.981,263.235,1.463,200.885
1988:07:00,296.992,1.208,350.975,140.424,262.647,1.534,200.428
1988:08:00,298.246,1.224,351.465,141.485,263.529,1.584,201.127
1988:09:00,299.499,1.227,351.956,145.07,265.588,1.576,201.179
1988:10:00,300.501,1.206,353.916,142.207,266.765,1.537,201.5
1988:11:00,301.504,1.219,354.407,143.534,265.882,1.468,202.241
1988:12:00,302.506,1.196,354.407,143.685,265,1.48,202.607
1989:01:00,303.759,1.191,356.367,144.982,264.412,1.562,203.717
1989:02:00,304.762,1.189,358.818,145.693,263.824,1.574,204.741
1989:03:00,306.266,1.195,360.779,153.308,265,1.611,205.292
1989:04:00,308.521,1.189,361.759,158.459,269.706,1.647,206.372
1989:05:00,310.025,1.192,365.681,154.044,271.176,1.729,206.514
1989:06:00,311.028,1.199,367.151,153.696,270.882,1.709,206.868
1989:07:00,312.03,1.189,369.602,149.04,270.588,1.628,206.41
1989:08:00,312.03,1.176,370.093,147.461,270.294,1.661,207.095
1989:09:00,312.782,1.183,370.583,138.44,272.647,1.687,207.996
1989:10:00,314.286,1.175,372.053,129.591,274.706,1.63,208.818
1989:11:00,315.539,1.17,373.034,129.215,271.765,1.619,211.228
1989:12:00,316.541,1.161,373.034,133.889,272.059,1.569,212.781
1990:01:00,319.549,1.172,375.975,133.699,273.235,1.518,214.034
1990:02:00,320.802,1.196,378.426,130.536,273.529,1.488,214.728
1990:03:00,322.306,1.18,379.896,137.387,274.706,1.513,215.467
1990:04:00,323.058,1.164,379.896,137.113,276.765,1.487,215.911
1990:05:00,323.559,1.175,381.857,138.222,278.235,1.42,216.961
1990:06:00,325.564,1.173,383.328,139.748,277.059,1.425,217.263
1990:07:00,327.068,1.157,384.798,137.83,276.765,1.392,217.37
1990:08:00,329.825,1.145,385.288,136.816,277.647,1.308,219.694
1990:09:00,332.08,1.158,386.269,134.299,280,1.307,220.738
1990:10:00,334.336,1.16,389.7,130.772,282.941,1.282,222.082
1990:11:00,335.088,1.164,392.151,129.632,282.353,1.257,224.02
1990:12:00,336.341,1.16,391.661,128.04,282.059,1.281,224.008
1991:01:00,337.594,1.156,401.955,125.461,284.118,1.271,225.826
1991:02:00,337.845,1.155,401.955,127.699,283.235,1.269,228.07
1991:03:00,337.845,1.157,403.425,132.863,284.706,1.392,228.106
1991:04:00,338.596,1.154,403.425,133.54,286.471,1.44,228.654
1991:05:00,339.85,1.15,405.386,130.771,287.647,1.457,230.584
1991:06:00,340.852,1.144,407.347,126.836,286.765,1.53,231.53
1991:07:00,341.353,1.149,407.837,125.882,286.471,1.548,231.61
1991:08:00,342.356,1.145,408.327,126.231,287.059,1.52,232.815
1991:09:00,343.358,1.137,407.347,122.597,287.353,1.48,233.267
1991:10:00,343.86,1.128,406.857,121.165,290.588,1.478,233.473
1991:11:00,345.363,1.13,408.327,123.88,291.176,1.435,236.277
1991:12:00,346.366,1.147,406.367,124.041,289.706,1.386,235.716
1992:01:00,346.617,1.157,408.327,124.993,289.118,1.404,236.825
1992:02:00,347.368,1.183,408.327,120.76,288.824,1.456,238.516
1992:03:00,348.622,1.193,409.798,117.017,290.294,1.509,239.212
1992:04:00,349.373,1.187,410.288,112.411,293.235,1.519,239.594
1992:05:00,350.125,1.199,410.778,110.343,293.529,1.491,240.225
1992:06:00,351.128,1.196,411.759,107.412,293.235,1.425,241.18
1992:07:00,352.13,1.192,412.739,107.691,291.176,1.335,240.454
1992:08:00,352.882,1.191,412.739,103.765,292.059,1.297,241.083
1992:09:00,353.634,1.222,412.739,105.575,293.235,1.278,241.367
1992:10:00,355.138,1.245,413.229,107.02,293.529,1.318,241.717
1992:11:00,356.14,1.267,415.19,107.876,292.941,1.429,244.042
1992:12:00,356.642,1.273,415.19,109.913,292.941,1.422,243.78
1993:01:00,357.895,1.278,416.661,111.442,292.647,1.477,245.03
1993:02:00,358.647,1.26,418.131,106.301,292.941,1.518,246.603
1993:03:00,359.148,1.247,417.641,105.097,293.824,1.521,247.916
1993:04:00,360.401,1.262,417.641,103.484,295.882,1.46,248.669
1993:05:00,361.404,1.27,418.621,103.753,296.176,1.45,248.816
1993:06:00,361.654,1.279,418.621,102.526,295.882,1.477,248.752
1993:07:00,362.155,1.282,419.602,98.445,296.765,1.515,248.598
1993:08:00,362.907,1.308,420.092,99.94,297.353,1.497,249.823
1993:09:00,363.409,1.321,420.092,98.774,297.647,1.418,249.67
1993:10:00,364.912,1.326,421.072,98.353,297.353,1.443,249.856
1993:11:00,365.915,1.317,423.033,98.044,295.882,1.497,249.519
1993:12:00,366.667,1.331,422.053,100.182,296.176,1.463,249.831
1994:01:00,366.667,1.317,422.053,99.766,296.471,1.472,250.123
1994:02:00,367.669,1.342,418.621,98.237,296.471,1.456,251.139
1994:03:00,368.672,1.364,418.621,90.52,297.647,1.429,251.143
1994:04:00,368.922,1.383,418.621,83.689,298.235,1.438,251.274
1994:05:00,369.674,1.381,417.641,85.113,298.529,1.413,249.714
1994:06:00,370.677,1.384,418.621,84.635,297.353,1.373,250.107
1994:07:00,371.93,1.383,420.092,87.397,296.176,1.324,250.064
1994:08:00,373.434,1.378,420.582,94.738,297.353,1.318,251.046
1994:09:00,374.185,1.354,421.072,100.546,298.235,1.289,251.148
1994:10:00,374.436,1.35,420.092,100.839,299.706,1.265,250.941
1994:11:00,375.439,1.365,422.543,101.94,298.824,1.296,250.923
1994:12:00,376.19,1.389,423.033,101.85,297.941,1.329,250.881
1995:01:00,377.193,1.413,424.504,105.751,297.941,1.286,252.662
1995:02:00,378.195,1.401,426.464,105.788,297.059,1.272,254.915
1995:03:00,378.947,1.408,427.445,105.94,296.765,1.171,255.071
1995:04:00,380.451,1.376,428.915,107.2,297.647,1.138,255.286
1995:05:00,381.203,1.361,429.896,106.342,298.235,1.169,254.805
1995:06:00,381.955,1.377,429.896,108.96,297.941,1.159,255.31
1995:07:00,382.456,1.361,430.876,109.191,296.471,1.156,255.138
1995:08:00,383.208,1.355,429.896,107.866,296.765,1.196,255.947
1995:09:00,383.709,1.351,430.386,109.931,298.529,1.187,256.166
1995:10:00,384.712,1.346,429.896,112.412,297.647,1.145,255.888
1995:11:00,385.213,1.353,431.366,112.296,296.765,1.144,255.697
1995:12:00,385.714,1.369,430.386,113.981,296.765,1.163,255.768
1996:01:00,387.719,1.367,431.366,117.912,296.471,1.182,256.498
1996:02:00,388.471,1.375,431.856,122.962,295.882,1.197,256.909
1996:03:00,389.724,1.366,433.817,122.774,296.471,1.196,257.363
1996:04:00,391.228,1.359,434.797,125.638,298.235,1.218,257.612
1996:05:00,391.98,1.369,436.268,119.192,298.824,1.254,256.671
1996:06:00,392.732,1.366,436.268,114.286,297.941,1.258,257.172
1996:07:00,393.484,1.37,436.268,115.376,297.647,1.232,256.813
1996:08:00,393.985,1.372,436.268,117.93,297.353,1.203,257.477
1996:09:00,395.238,1.369,436.758,120.89,298.529,1.234,257.627
1996:10:00,396.491,1.351,437.739,121.061,299.118,1.259,258.037
1996:11:00,397.744,1.338,439.699,125.382,298.235,1.275,257.563
1996:12:00,398.747,1.362,439.699,129.734,298.529,1.329,257.767
1997:01:00,399.499,1.349,440.68,129.548,298.235,1.391,258.628
1997:02:00,400.251,1.356,441.66,125.852,297.647,1.454,259.081
1997:03:00,400.501,1.373,442.15,129.082,297.941,1.463,258.708
1997:04:00,400.752,1.394,442.15,131.754,304.118,1.462,258.957
1997:05:00,400.752,1.38,442.641,134.896,304.706,1.433,258.152
1997:06:00,401.504,1.384,443.621,140.331,304.706,1.442,258.411
1997:07:00,402.005,1.377,443.621,140.787,303.529,1.482,258.13
1997:08:00,403.008,1.391,444.111,144.68,303.824,1.513,258.699
1997:09:00,404.01,1.387,444.111,134.481,305.882,1.47,258.694
1997:10:00,404.762,1.387,444.111,121.049,306.765,1.452,258.713
1997:11:00,405.263,1.413,443.621,120.29,304.706,1.407,258.637
1997:12:00,405.514,1.427,443.131,117.071,304.118,1.439,258.762
1998:01:00,406.015,1.441,445.582,113.29,303.824,1.475,258.668
1998:02:00,406.015,1.433,446.072,116.668,303.529,1.463,258.985
1998:03:00,406.015,1.417,446.562,119.473,304.706,1.49,258.794
1998:04:00,406.516,1.43,446.072,119.772,305.294,1.505,258.899
1998:05:00,407.519,1.445,447.542,122,306.176,1.479,258.364
1998:06:00,408.02,1.466,448.033,120.725,305,1.495,258.672
1998:07:00,409.023,1.487,448.033,119.331,303.235,1.514,258.324
1998:08:00,409.524,1.535,448.033,113.227,302.941,1.493,259.06
1998:09:00,409.774,1.522,447.052,106.875,305.294,1.4,258.853
1998:10:00,410.777,1.545,449.013,105.965,307.353,1.337,258.802
1998:11:00,411.278,1.54,449.013,104.649,307.059,1.385,258.382
1998:12:00,412.03,1.543,447.542,102.584,305.882,1.36,258.327
1999:01:00,412.782,1.519,448.523,105.296,304.412,1.386,258.856
1999:02:00,412.782,1.498,449.013,109.388,303.235,1.427,259.731
1999:03:00,413.033,1.518,450.974,106.307,303.529,1.466,260.002
1999:04:00,415.789,1.488,453.425,105.627,305,1.497,260.436
1999:05:00,416.04,1.461,454.405,108.321,305,1.508,259.852
1999:06:00,416.04,1.47,455.385,106.126,304.118,1.537,260.157
1999:07:00,417.794,1.489,456.366,108.212,302.941,1.547,260.223
1999:08:00,418.797,1.493,457.346,108.08,303.824,1.509,261.51
1999:09:00,420.551,1.477,458.817,106.838,304.706,1.526,262.004
1999:10:00,421.303,1.478,459.307,108.443,305.294,1.49,262.002
1999:11:00,422.055,1.467,458.817,109.01,303.529,1.554,261.752
1999:12:00,423.058,1.472,459.307,112.209,302.647,1.584,262.636
2000:01:00,424.311,1.449,458.327,116.672,302.353,1.59,262.96
2000:02:00,426.065,1.451,461.268,116.234,301.471,1.635,263.948
2000:03:00,428.571,1.461,464.699,121.505,302.059,1.664,263.858
2000:04:00,428.321,1.469,463.228,123.771,302.647,1.666,264.088
2000:05:00,429.073,1.496,465.189,121.768,302.941,1.719,263.959
2000:06:00,431.579,1.477,468.13,122.351,302.353,1.642,264.941
2000:07:00,432.832,1.478,469.601,124.498,301.471,1.652,265.138
2000:08:00,432.832,1.483,469.111,121.367,302.353,1.715,264.452
2000:09:00,435.088,1.486,471.071,118.612,302.059,1.759,265.777
2000:10:00,435.84,1.513,472.052,121.454,302.059,1.775,265.492
2000:11:00,436.591,1.543,473.522,122.406,301.176,1.778,266.758
2000:12:00,437.594,1.522,474.013,127.595,301.471,1.686,266.558
2001:01:00,440.1,1.503,472.052,132.683,301.471,1.631,266.367
2001:02:00,441.103,1.522,474.503,133.643,300.294,1.669,266.006
2001:03:00,441.353,1.559,475.973,131.061,299.706,1.691,266.433
2001:04:00,442.105,1.558,479.405,130.772,300.294,1.713,267.169
2001:05:00,444.361,1.541,483.326,126.375,300.588,1.753,268.62
2001:06:00,445.363,1.525,483.816,123.29,299.706,1.786,269.129
2001:07:00,444.612,1.531,482.346,117.899,298.824,1.757,268.721
2001:08:00,444.612,1.54,482.346,118.993,300,1.681,267.231
2001:09:00,446.366,1.568,483.326,121.078,299.412,1.634,267.571
2001:10:00,445.113,1.572,480.875,123.908,299.412,1.636,267.166
2001:11:00,444.862,1.592,476.464,121.608,297.941,1.651,267.523
2001:12:00,444.612,1.579,477.444,121.893,297.647,1.657,267.425
2002:01:00,445.363,1.6,478.424,118.813,297.059,1.671,267.755
2002:02:00,446.115,1.596,481.365,119.338,295.588,1.697,267.747
2002:03:00,447.368,1.588,484.797,118.687,296.176,1.674,267.79
2002:04:00,449.373,1.581,487.738,119.895,297.059,1.654,270.101
2002:05:00,449.875,1.55,488.718,117.368,297.941,1.589,270.36
2002:06:00,450.125,1.532,489.699,118.329,297.647,1.54,270.005
2002:07:00,451.128,1.546,492.64,118.696,296.471,1.472,268.583
2002:08:00,452.381,1.569,494.601,118.662,297.353,1.497,268.494
2002:09:00,453.133,1.576,494.601,114.8,297.353,1.493,268.9
2002:10:00,454.135,1.578,496.071,109.496,296.765,1.493,270.471
2002:11:00,454.887,1.571,497.542,109.178,296.765,1.466,269.972
2002:12:00,455.639,1.559,495.581,107.738,296.765,1.439,269.807
2003:01:00,457.644,1.541,499.993,106.269,295.882,1.377,270.023
2003:02:00,460.15,1.512,503.914,106.708,295,1.36,270.289
2003:03:00,460.902,1.476,505.385,108.516,295.882,1.361,271.376
2003:04:00,459.148,1.458,501.953,107.656,296.765,1.378,271.916
2003:05:00,458.396,1.384,502.444,112.196,297.353,1.311,271.48
2003:06:00,458.897,1.353,502.444,109.434,296.471,1.32,271.486
2003:07:00,460.401,1.382,502.934,109.487,295.882,1.361,269.309
2003:08:00,462.406,1.396,504.404,110.234,296.471,1.381,269.936
2003:09:00,463.91,1.363,505.385,110.091,296.765,1.374,270.327
2003:10:00,463.409,1.322,503.914,108.784,296.765,1.322,271.698
2003:11:00,463.659,1.313,505.385,104.699,295.294,1.332,271.357
2003:12:00,464.912,1.313,505.875,103.81,295.588,1.264,271.409
2004:01:00,466.917,1.296,506.365,103.341,295,1.239,270.488
2004:02:00,467.92,1.33,507.345,104.944,295,1.245,270.534
2004:03:00,468.922,1.329,509.306,105.254,295.588,1.278,271.113
2004:04:00,469.674,1.342,510.287,107.194,295.588,1.297,273.4
2004:05:00,471.679,1.379,514.698,106.595,295.882,1.284,274.032
2004:06:00,473.434,1.358,515.188,108.747,296.471,1.25,274.505
2004:07:00,473.935,1.323,514.698,111.954,295.588,1.245,271.631
2004:08:00,474.185,1.313,513.718,110.607,295.882,1.262,272.638
2004:09:00,475.689,1.288,514.698,111.239,296.765,1.263,272.654
2004:10:00,478.195,1.247,515.679,114.87,298.235,1.233,275.21
2004:11:00,480.451,1.197,517.639,118.454,297.647,1.171,275.474
2004:12:00,480.451,1.219,516.659,118.462,296.176,1.147,275.024
2005:01:00,480.201,1.225,516.169,115.477,295.588,1.179,273.747
2005:02:00,482.206,1.24,518.13,117.861,294.706,1.192,274.349
2005:03:00,483.96,1.216,521.071,117.278,295.588,1.176,275.02
2005:04:00,485.464,1.236,522.541,117.07,295.882,1.195,277.271
2005:05:00,485.213,1.256,523.031,111.731,296.176,1.217,276.996
2005:06:00,485.464,1.24,524.012,114.625,295,1.267,276.373
2005:07:00,488.471,1.223,524.992,115.767,294.706,1.295,274.861
2005:08:00,491.479,1.204,526.953,115.924,295,1.263,275.257
2005:09:00,498.246,1.178,531.365,117.215,295.882,1.267,276.462
2005:10:00,498.997,1.177,528.914,118.609,295.882,1.288,278.88
2005:11:00,496.491,1.182,527.933,117.321,294.706,1.311,278.095
2005:12:00,496.491,1.162,527.443,117.322,295,1.305,277.792
2006:01:00,499.499,1.157,530.384,120.447,295.294,1.277,277.281
2006:02:00,499.749,1.149,529.404,120.505,294.412,1.305,278.145
2006:03:00,500.501,1.157,532.345,117.26,295,1.305,277.849
2006:04:00,503.008,1.144,535.286,118.932,295.588,1.283,280.208
2006:05:00,504.511,1.11,537.737,120.773,296.471,1.219,280.769
2006:06:00,505.764,1.114,536.757,122.689,296.471,1.232,280.691
2006:07:00,508.521,1.129,537.247,121.415,295.588,1.238,278.777
2006:08:00,510.777,1.118,538.227,116.734,297.647,1.232,279.255
2006:09:00,508.271,1.116,535.286,115.043,297.647,1.246,278.657
2006:10:00,506.015,1.129,534.306,115.866,297.059,1.26,279.601
2006:11:00,506.266,1.136,535.286,111.073,295.588,1.236,279.479
2006:12:00,509.023,1.153,536.267,112.449,295.882,1.21,279.517
2007:01:00,509.867,1.176,536.267,107.818,295.294,1.243,277.564
2007:02:00,511.845,1.171,540.188,107.03,293.824,1.239,278.113
2007:03:00,514.506,1.168,544.6,100.756,294.706,1.218,278.33
2007:04:00,516.05,1.135,547.051,102.678,295.588,1.212,281.48
2007:05:00,518.183,1.095,549.502,104.36,296.471,1.221,282.138
2007:06:00,519.383,1.065,548.521,106.915,295.882,1.233,282.461
2007:07:00,520.308,1.05,549.011,106.852,295.588,1.207,280.786
2007:08:00,520.469,1.058,547.541,109.362,297.059,1.203,280.472
2007:09:00,522.674,1.027,548.521,106.575,297.059,1.185,280.739
2007:10:00,524.286,0.975,547.051,99.966,297.941,1.174,283.136
2007:11:00,528.406,0.967,548.521,96.966,297.353,1.123,284.427
2007:12:00,529.937,1.002,549.011,91.275,297.941,1.14,285.118
2008:01:00,531.764,1.01,548.031,90.121,297.353,1.101,284.298
2008:02:00,533.05,0.999,549.992,92.916,296.765,1.089,284.689
2008:03:00,534.957,1.003,551.953,97.855,298.235,1.013,285.652
2008:04:00,536.195,1.014,556.364,98.92,297.941,1.014,287.909
2008:05:00,539.368,0.999,561.756,96.644,300.294,1.045,290.195
2008:06:00,545.02,1.017,565.678,96.615,301.765,1.037,290.686
2008:07:00,548.912,1.013,567.639,94.367,302.353,1.028,289.419
2008:08:00,548.095,1.054,566.658,94.897,303.235,1.084,288.666
2008:09:00,548.564,1.058,567.148,91.275,303.235,1.11,288.956
2008:10:00,543.847,1.185,561.266,90.367,302.941,1.143,290.492
2008:11:00,534.218,1.217,559.305,89.267,300.294,1.191,288.557
2008:12:00,529.82,1.234,555.384,89.951,299.118,1.14,287.117
2009:01:00,531.208,1.225,553.913,91.101,297.353,1.127,284.694
2009:02:00,533.391,1.245,557.835,90.139,296.471,1.164,285.365
2009:03:00,532.639,1.265,558.815,90.716,297.353,1.156,284.441
2009:04:00,532.975,1.224,558.325,93.453,297.647,1.148,286.948
2009:05:00,533.83,1.153,562.247,91.973,297.059,1.108,287.406
2009:06:00,538.323,1.126,564.207,90.806,296.471,1.081,287.921
2009:07:00,538.145,1.123,562.247,87.501,295.588,1.078,286.01
2009:08:00,539.955,1.087,562.247,85.373,296.471,1.068,286.327
2009:09:00,541.053,1.082,562.247,84.357,296.471,1.039,286.291
2009:10:00,542.561,1.055,561.756,81.728,295.294,1.021,288.07
2009:11:00,544.273,1.059,564.698,82.518,294.706,1.013,288.626
2009:12:00,544.774,1.054,562.737,83.338,294.118,1.03,287.928
2010:01:00,545.058,1.044,564.207,82.625,294.412,1.035,287.609
2010:02:00,544.752,1.057,566.658,82.537,294.118,1.072,288.027
2010:03:00,544.812,1.023,566.658,81.647,295,1.067,288.422
2010:04:00,544.564,1.005,568.619,83.177,295.294,1.069,290.887
2010:05:00,544.436,1.04,570.09,81.126,295,1.129,290.586
2010:06:00,544.684,1.038,569.599,80.426,294.412,1.125,289.322
2010:07:00,545.589,1.042,572.541,79.243,292.647,1.053,287.207
2010:08:00,546.416,1.04,572.05,76.966,293.235,1.039,287.167
2010:09:00,547.165,1.033,573.031,76.796,293.824,1,287.101
2010:10:00,548.862,1.018,575.482,76.643,294.706,0.969,288.629
2010:11:00,550.053,1.013,575.972,77.56,293.824,0.985,289.322
2010:12:00,552.551,1.008,575.972,77.797,292.941,0.969,289.424
2011:01:00,554.053,0.994,577.442,76.964,292.647,0.957,288.409
2011:02:00,556.16,0.988,578.913,78.47,292.647,0.95,289.496
2011:03:00,559.163,0.977,585.285,82.466,293.529,0.918,291.318
2011:04:00,561.1,0.958,587.246,81.252,293.824,0.897,291.64
2011:05:00,563.276,0.968,591.168,79.667,293.824,0.874,291.659
2011:06:00,564.085,0.977,587.246,79.315,293.235,0.84,290.954
2011:07:00,565.398,0.955,588.227,78.935,293.235,0.821,288.563
2011:08:00,566.885,0.982,589.697,78.691,293.824,0.78,287.72
2011:09:00,568.303,1.002,591.168,78.135,293.824,0.877,288.496
2011:10:00,568.241,1.02,592.148,79.013,294.118,0.896,288.304
2011:11:00,569.045,1.025,592.638,81.031,292.353,0.908,287.801
2011:12:00,569.266,1.024,589.207,83.79,292.353,0.933,287.356
2012:01:00,570.439,1.013,591.658,89.058,292.941,0.938,286.132
2012:02:00,572.063,0.997,594.109,93.002,293.529,0.912,286.939
2012:03:00,573.81,0.994,596.56,94.77,295,0.913,288.538
2012:04:00,573.812,0.993,599.011,97.758,295.294,0.913,288.754
2012:05:00,573.053,1.01,598.521,100.919,294.412,0.938,288.703
2012:06:00,573.744,1.028,596.07,97.235,292.941,0.958,287.888
2012:07:00,573.524,1.014,595.579,99.673,292.059,0.978,286.503
2012:08:00,576.506,0.992,597.05,97.812,292.353,0.968,286.416
2012:09:00,579.516,0.978,598.03,99.21,292.941,0.939,287.309
2012:10:00,580.509,0.987,599.011,97.77,292.941,0.932,287.664
2012:11:00,579.125,0.997,597.54,100.074,291.765,0.939,286.72
2012:12:00,579.291,0.99,594.109,103.285,292.059,0.921,286.108
2013:01:00,579.444,0.992,594.599,NA,292.059,0.923,285.361
2013:02:00,583.383,1.01,601.462,NA,291.765,0.921,286.204
2013:03:00,582.306,1.024,602.442,NA,292.353,0.947,286.826
2013:04:00,580.163,1.019,601.462,NA,293.235,0.937,286.922
2013:05:00,581.03,1.02,602.932,NA,293.529,0.956,287.238
2013:06:00,583.82,1.031,602.932,NA,293.529,0.933,287.52
2013:07:00,584.757,1.04,603.422,NA,294.118,0.945,286.495
2013:08:00,585.278,1.041,603.422,NA,295,0.926,286.288
2013:09:00,586.333,1.034,604.403,NA,295.882,0.923,287.15
2013:10:00,585.985,1.036,602.932,NA,NA,0.902,286.929
2013:11:00,586.183,1.049,NA,NA,NA,0.913,NA
