Date,PE,ex,r,pg
1974-01-01,0.047958386,-0.141296441,1.748494624,1.154891177
1974-02-01,0.027755679,-0.166162938,-0.588779443,1.218029933
1974-03-01,0.015827108,-0.181304969,-0.568784648,1.179920176
1974-04-01,-0.170525144,-0.198404227,-2.686949153,1.126385694
1974-05-01,-0.186089661,-0.203675462,-3.534705882,1.07991357
1974-06-01,-0.18994323,-0.195550208,-5.461169102,1.081447948
1974-07-01,-0.277766059,-0.194077071,-6.470618557,1.050053426
1974-08-01,-0.312346393,-0.179625399,-4.91755102,1.055744616
1974-09-01,-0.312346393,-0.173872651,-5.677373737,1.042916174
1974-10-01,-0.304722604,-0.180592111,-3.695378486,1.070741352
1974-11-01,-0.313471566,-0.187906552,-2.786410256,1.003737429
1974-12-01,-0.311727886,-0.192654677,-1.44375,0.989492176
1975-01-01,-0.245635699,-0.2003008,-3.042325581,0.885923
1975-02-01,-0.242145294,-0.212372279,-2.192307692,0.838583458
1975-03-01,-0.236886737,-0.218404593,-2.158183556,0.82745604
1975-04-01,-0.247376343,-0.212885078,0.306969697,0.808037342
1975-05-01,-0.25430878,-0.217275088,-0.807735849,0.756795407
1975-06-01,-0.256034406,-0.214346275,0.086716698,0.726379288
1975-07-01,-0.267251606,-0.188800304,0.89635514,0.72938539
1975-08-01,-0.272349323,-0.178711688,1.235539033,0.809759008
1975-09-01,-0.279106106,-0.173203389,0.494074074,0.785407691
1975-10-01,-0.283482706,-0.175842631,-1.420073801,0.749205635
1975-11-01,-0.278453358,-0.177373365,-1.859449541,0.682935707
1975-12-01,-0.281809065,-0.175322528,-2.58919708,0.645112721
1976-01-01,-0.198488815,-0.185046662,-2.376376812,0.61942778
1976-02-01,-0.198488815,-0.19353366,-2.327207207,0.619927366
1976-03-01,-0.200156872,-0.194674742,-0.72450805,0.611662362
1976-04-01,-0.209724257,-0.194991176,-0.833950178,0.57873388
1976-05-01,-0.213019153,-0.19423148,0.244247788,0.599624364
1976-06-01,-0.218428593,-0.194103509,-0.939206349,0.612141469
1976-07-01,-0.218557922,-0.198918413,-1.085789474,0.596463725
1976-08-01,-0.214546176,-0.201412349,-1.853006993,0.54989569
1976-09-01,-0.221039705,-0.196023723,-1.17,0.550211805
1976-10-01,-0.200934249,-0.195587276,-0.606770294,0.498882916
1976-11-01,-0.202176971,-0.191670964,-0.060996564,0.439218466
1976-12-01,-0.209837798,-0.195300299,-1.12008547,0.452598956
1977-01-01,-0.16198135,-0.203032908,-2.194310051,0.492389237
1977-02-01,-0.171707728,-0.197195232,-2.800288625,0.475139208
1977-03-01,-0.179755574,-0.197083854,-2.145362563,0.455194507
1977-04-01,-0.194753226,-0.199825256,-1.490150754,0.411188966
1977-05-01,-0.199374065,-0.202130615,-1.706666667,0.373930231
1977-06-01,-0.194604275,-0.203659447,-0.950149254,0.34968925
1977-07-01,-0.184096562,-0.213509195,-0.750594059,0.315235025
1977-08-01,-0.182894508,-0.212154741,0.244098361,0.275538614
1977-09-01,-0.187164049,-0.213872635,0.58124183,0.288609676
1977-10-01,-0.188186224,-0.224574906,0.956747967,0.32167303
1977-11-01,-0.191564399,-0.231274028,0.274757282,0.407111221
1977-12-01,-0.197290991,-0.24680075,-1.026774194,0.452118111
1978-01-01,-0.19721427,-0.253924859,-0.622600321,0.458179661
1978-02-01,-0.210505362,-0.254934703,-0.56754386,0.499085007
1978-03-01,-0.219028151,-0.259697727,-1.316973059,0.559184775
1978-04-01,-0.2312046,-0.258768802,-1.911892744,0.591933806
1978-05-01,-0.230101773,-0.247705229,-2.367429467,0.577588552
1978-06-01,-0.229350318,-0.257054308,-1.357091757,0.54441887
1978-07-01,-0.233176007,-0.278478178,-1.645332303,0.48344721
1978-08-01,-0.231280768,-0.29875878,-2.122453988,0.442982809
1978-09-01,-0.238821078,-0.293425665,-1.906097561,0.438861887
1978-10-01,-0.246899806,-0.310937592,-1.087155825,0.451150729
1978-11-01,-0.229145949,-0.289860387,0.843898051,0.420207912
1978-12-01,-0.160174904,-0.286319371,1.341904762,0.377533841
1979-01-01,-0.076458519,-0.286209206,-0.117455621,0.401026821
1979-02-01,0.076442192,-0.276487256,-1.268235294,0.398658443
1979-03-01,0.120301751,-0.274214959,-1.030948905,0.410786784
1979-04-01,0.122346881,-0.263409612,0.211445087,0.407062988
1979-05-01,0.537585104,-0.251667353,1.014011461,0.410622922
1979-06-01,0.493784643,-0.249578126,-0.043840683,0.480375643
1979-07-01,0.455380871,-0.268143802,-1.494463277,0.512995662
1979-08-01,0.459795478,-0.263028852,-1.700196353,0.479609854
1979-09-01,0.504209644,-0.262693541,-1.422892907,0.476813243
1979-10-01,0.530174979,-0.252662584,0.145667125,0.47423778
1979-11-01,0.608413668,-0.240303898,-1.30686221,0.466739667
1979-12-01,0.58740986,-0.248105871,-2.554594595,0.462449658
1980-01-01,0.576377845,-0.256108706,-2.438502674,0.413030954
1980-02-01,0.515971747,-0.247155307,-2.463645971,0.42271442
1980-03-01,0.503543494,-0.216309037,0.597653194,0.406181162
1980-04-01,0.501152237,-0.208518548,-0.219354839,0.387897252
1980-05-01,0.508363766,-0.2405919,-3.633740458,0.407858575
1980-06-01,0.503654138,-0.255559767,0.529119497,0.417222524
1980-07-01,0.447109665,-0.265515473,2.067490637,0.471778113
1980-08-01,0.377583065,-0.257422659,3.697901235,0.505978504
1980-09-01,0.373372939,-0.264451777,-0.621089109,0.505083454
1980-10-01,0.474061499,-0.262495352,-1.172127921,0.505090759
1980-11-01,0.537795754,-0.246272493,0.088099878,0.546929806
1980-12-01,0.519016323,-0.236643537,3.92373494,0.513924343
1981-01-01,0.50862782,-0.246337117,5.484839094,0.527984739
1981-02-01,0.457325708,-0.2200269,7.722862191,0.500872052
1981-03-01,0.441636699,-0.218270242,5.865854801,0.497546041
1981-04-01,0.420083085,-0.201248307,4.84250291,0.508533932
1981-05-01,0.367093621,-0.17499773,6.114814815,0.485939381
1981-06-01,0.325424435,-0.154829677,1.856436782,0.47389034
1981-07-01,0.341437798,-0.133646739,1.738154897,0.465271699
1981-08-01,0.353429755,-0.118927694,1.063047404,0.417008996
1981-09-01,0.356190046,-0.138695675,4.455011136,0.373483346
1981-10-01,0.370933858,-0.146385254,5.601742007,0.334127397
1981-11-01,0.398221676,-0.163887628,5.63124183,0.323914148
1981-12-01,0.391894492,-0.166589813,5.638273616,0.259787931
1982-01-01,0.373621748,-0.156419193,6.658378378,0.242617024
1982-02-01,0.304030211,-0.128561758,9.609032258,0.211836851
1982-03-01,0.250625083,-0.106508807,6.677856377,0.21704859
1982-04-01,0.288851786,-0.10182671,5.876972281,0.218557809
1982-05-01,0.325608896,-0.11325821,2.718328009,0.204400455
1982-06-01,0.316573581,-0.071286368,4.022270327,0.162573601
1982-07-01,0.316647259,-0.056782487,4.2221174,0.138113666
1982-08-01,0.305606531,-0.040046199,4.101436004,0.093494999
1982-09-01,0.335609127,-0.035250313,4.610796277,0.073354022
1982-10-01,0.341987425,-0.034039383,6.886107106,-0.002144124
1982-11-01,0.317796916,-0.042477786,8.07,0.065750198
1982-12-01,0.263458502,-0.070060925,7.52974359,0.09311175
1983-01-01,0.237720923,-0.077486088,4.982302158,0.107951558
1983-02-01,0.191379317,-0.06903107,3.994773663,0.153860936
1983-03-01,0.168178951,-0.063763031,4.251639344,0.199972244
1983-04-01,0.207193589,-0.051376681,4.536530612,0.235811718
1983-05-01,0.193723644,-0.049309433,4.116680244,0.220107835
1983-06-01,0.209746223,-0.035830601,3.921845842,0.200680075
1983-07-01,0.205591256,-0.029356456,4.22661274,0.204092477
1983-08-01,0.206695465,-0.0157625,4.098064516,0.267023489
1983-09-01,0.18948371,-0.013845218,4.190380762,0.277487252
1983-10-01,0.173348897,-0.024715889,3.045594406,0.264469873
1983-11-01,0.156588298,-0.016625547,3.585870647,0.255595175
1983-12-01,0.139313443,-0.008498236,3.059405941,0.226988231
1984-01-01,0.138203682,-0.001835922,3.776847291,0.205057855
1984-02-01,0.140574715,-0.011250506,3.589017682,0.171018211
1984-03-01,0.142948396,-0.020837268,4.837073171,0.213322778
1984-04-01,0.142744246,-0.012582299,4.631634241,0.223306087
1984-05-01,0.138881014,0.005068303,4.79124031,0.209878007
1984-06-01,0.132744971,0.011981987,4.855535198,0.208028677
1984-07-01,0.098689348,0.037895443,5.124803074,0.192486627
1984-08-01,0.108242941,0.040397121,5.493923445,0.191120839
1984-09-01,0.116651178,0.062226669,5.798571429,0.153314946
1984-10-01,0.101613436,0.070995868,5.944933586,0.109184183
1984-11-01,0.094088121,0.058375997,4.829281664,0.06945816
1984-12-01,0.071326656,0.072105876,4.670169492,0.040268421
1985-01-01,0.067801531,0.083064983,2.872781955,0.066580795
1985-02-01,0.099868554,0.108958668,3.401086142,0.06202038
1985-03-01,0.108205646,0.112106794,3.664724556,0.059577378
1985-04-01,0.105018712,0.085748925,3.86457753,0.059052465
1985-05-01,0.065787624,0.091739139,3.779722479,0.030186238
1985-06-01,0.059429431,0.084517111,3.2599631,0.023859116
1985-07-01,0.059919066,0.059592824,3.403529412,-0.005571115
1985-08-01,0.084244119,0.055470816,3.840274977,-0.059875988
1985-09-01,0.088348786,0.063716707,3.078062157,-0.068038359
1985-10-01,0.105675779,0.025767753,2.424116576,-0.087048635
1985-11-01,0.124390546,0.0142213,2.149090909,-0.045296246
1985-12-01,0.056454702,0.008443897,2.032126697,-0.029021362
1986-01-01,0,0,3.10960396,0
1986-02-01,-0.338779257,-0.030076032,3.1102693,-0.0212085
1986-03-01,-0.509885446,-0.048644464,2.985379803,-0.026436428
1986-04-01,-0.549048957,-0.057668772,2.85144385,-0.036456469
1986-05-01,-0.451532765,-0.073612386,2.95,-0.051643753
1986-06-01,-0.561798881,-0.064369395,3.021337467,-0.091046488
1986-07-01,-0.705999189,-0.081944728,1.939637489,-0.207568912
1986-08-01,-0.45000697,-0.094588764,1.297195767,-0.264243585
1986-09-01,-0.429801076,-0.092462808,0.992073814,-0.320587951
1986-10-01,-0.441251504,-0.091574746,1.327110333,-0.316086101
1986-11-01,-0.414393514,-0.082622762,1.859598604,-0.268706927
1986-12-01,-0.354806417,-0.088907666,2.399565217,-0.295763478
1987-01-01,-0.272063648,-0.11652725,2.307710321,-0.30207462
1987-02-01,-0.315297255,-0.125669879,2.129792388,-0.288675999
1987-03-01,-0.293795932,-0.131079668,0.75824849,-0.231507796
1987-04-01,-0.307461767,-0.151588269,0.476488812,-0.216253017
1987-05-01,-0.292015917,-0.157698135,1.200308748,-0.171766147
1987-06-01,-0.28153983,-0.146788639,2.259940324,-0.214962103
1987-07-01,-0.240456457,-0.135456195,2.291529312,-0.257445515
1987-08-01,-0.278963716,-0.13953147,1.629482612,-0.265496805
1987-09-01,-0.303471149,-0.153938334,1.328148774,-0.162455156
1987-10-01,-0.29424796,-0.157244458,1.412224094,-0.122306538
1987-11-01,-0.32556511,-0.1914948,1.663154362,-0.123343381
1987-12-01,-0.371594674,-0.21753055,2.09721202,-0.095828006
1988-01-01,-0.383089131,-0.220076825,2.146386345,-0.035953497
1988-02-01,-0.418477077,-0.215959844,1.341063123,-0.006101434
1988-03-01,-0.471858701,-0.229721054,1.068072787,-0.020637255
1988-04-01,-0.396596072,-0.238062533,0.95950495,-0.033559187
1988-05-01,-0.417134666,-0.235737978,1.329843878,-0.074676733
1988-06-01,-0.458904149,-0.223683473,2.208160262,0.108485403
1988-07-01,-0.509606635,-0.20233532,2.49202119,0.121177147
1988-08-01,-0.505488809,-0.193823302,2.18987013,0.094872845
1988-09-01,-0.586304727,-0.192292533,2.062006472,0.123869677
1988-10-01,-0.637932747,-0.214529749,2.188709677,0.122305987
1988-11-01,-0.613651045,-0.239352973,3.589991981,0.095770487
1988-12-01,-0.496345393,-0.245227946,3.916645367,0.090038512
1989-01-01,-0.425586473,-0.229484372,4.129872611,0.098042957
1989-02-01,-0.436337098,-0.227818223,4.085555556,0.094719677
1989-03-01,-0.368077875,-0.213633203,4.709328063,0.112971426
1989-04-01,-0.322863168,-0.209756357,4.237076438,0.104724781
1989-05-01,-0.380467131,-0.191621382,4.034395604,0.12226723
1989-06-01,-0.394475004,-0.17664044,3.768153365,0.107069622
1989-07-01,-0.393308711,-0.194403895,4.138768511,0.113744001
1989-08-01,-0.424187375,-0.19212998,4.483850932,0.069420606
1989-09-01,-0.392056267,-0.185166141,3.415634675,0.061311637
1989-10-01,-0.360201198,-0.199349938,2.697915058,0.059192005
1989-11-01,-0.355485164,-0.199155409,2.455204003,0.026624674
1989-12-01,-0.308941467,-0.208856566,3.035819296,0.033300658
1990-01-01,-0.26912902,-0.212374433,2.758230359,0.01283354
1990-02-01,-0.304249692,-0.211090353,1.964924012,0.03137574
1990-03-01,-0.368566732,-0.198954543,2.14678274,0.028247213
1990-04-01,-0.445725169,-0.199964598,2.645659382,0.055440343
1990-05-01,-0.441571675,-0.210625779,2.945992509,0.028851236
1990-06-01,-0.503550605,-0.207433371,2.356865672,0.00741319
1990-07-01,-0.414610327,-0.225281642,1.072380952,-0.035840719
1990-08-01,-0.076802992,-0.240766957,1.5284604,-0.082032519
1990-09-01,0.094013101,-0.250781668,2.05808542,-0.137096598
1990-10-01,0.124146457,-0.270666023,3.070439239,-0.138396662
1990-11-01,0.043594967,-0.273320534,2.683632385,-0.144612679
1990-12-01,-0.093206441,-0.263363142,1.216744186,-0.135368141
1991-01-01,-0.215399768,-0.266231295,-0.156811594,-0.079507438
1991-02-01,-0.383952224,-0.278795805,0.456594517,-0.033588187
1991-03-01,-0.382776608,-0.245990648,1.895663082,-0.019857642
1991-04-01,-0.361409736,-0.235264017,2.511626248,-0.040609558
1991-05-01,-0.352677518,-0.231657159,1.758932384,-0.059842528
1991-06-01,-0.39388274,-0.219241444,1.595550035,-0.068680175
1991-07-01,-0.347610974,-0.221724679,1.050629866,-0.054014846
1991-08-01,-0.333098387,-0.232419466,0.816600846,-0.02853426
1991-09-01,-0.298217259,-0.243517603,1.284652143,-0.024760104
1991-10-01,-0.246231975,-0.251146596,1.351091672,-0.019840258
1991-11-01,-0.272976682,-0.266038086,0.933779637,-0.031853423
1991-12-01,-0.393405158,-0.275404948,0.172992345,-0.009853826
1992-01-01,-0.424777944,-0.278345864,0.471289875,0.025184558
1992-02-01,-0.420394789,-0.266063088,0.522791983,0.04941392
1992-03-01,-0.425849348,-0.246788488,0.731936595,0.049135173
1992-04-01,-0.372537551,-0.252686132,-0.101444292,0.001146339
1992-05-01,-0.340620569,-0.262613128,0.340075394,-0.019074415
1992-06-01,-0.293294382,-0.275804222,0.105659604,-0.0272959
1992-07-01,-0.314722648,-0.290129263,0.212724796,-0.073667665
1992-08-01,-0.331206826,-0.295893116,0.410761387,-0.119867638
1992-09-01,-0.30514647,-0.292993611,-0.34203252,-0.111532036
1992-10-01,-0.311554096,-0.273753331,-0.655889114,-0.130668274
1992-11-01,-0.36825081,-0.244450256,-0.921316678,-0.115556371
1992-12-01,-0.409686139,-0.243714288,-0.274623656,-0.110244514
1993-01-01,-0.449731449,-0.236567398,-0.753351206,-0.099155393
1993-02-01,-0.425261101,-0.235639861,-0.27855615,-0.120317003
1993-03-01,-0.404303706,-0.242739021,-0.514357095,-0.13904299
1993-04-01,-0.408460309,-0.262814738,-0.317250996,-0.166744248
1993-05-01,-0.427483958,-0.264297481,-0.488275862,-0.214787076
1993-06-01,-0.462024794,-0.261532149,0.692192867,-0.266707418
1993-07-01,-0.512819688,-0.253919245,0.404953887,-0.197539666
1993-08-01,-0.496380106,-0.258496947,0.916120973,-0.185588697
1993-09-01,-0.525423636,-0.26490913,0.0609652,-0.186004971
1993-10-01,-0.504286293,-0.257321265,0.140418848,-0.098589301
1993-11-01,-0.564137181,-0.250230052,-0.562524526,0.014879382
1993-12-01,-0.636555657,-0.251177946,0.191681877,0.069426238
1994-01-01,-0.623601485,-0.228471434,0.640818713,0.111217003
1994-02-01,-0.637241374,-0.234480821,0.65764744,0.074518935
1994-03-01,-0.668181885,-0.234473113,0.911003236,-0.025194077
1994-04-01,-0.592194376,-0.235981659,0.837622739,-0.052347344
1994-05-01,-0.529267145,-0.244428013,1.306773986,-0.10810517
1994-06-01,-0.485274404,-0.247903856,1.05318328,-0.12482434
1994-07-01,-0.452691191,-0.262695806,1.251103271,-0.181324356
1994-08-01,-0.503464834,-0.265631333,1.666700767,-0.147270278
1994-09-01,-0.544164234,-0.27714203,1.81208679,-0.106103493
1994-10-01,-0.528297786,-0.285392045,2.149236155,-0.0897152
1994-11-01,-0.501711027,-0.283268232,3.258253968,-0.103406485
1994-12-01,-0.548567585,-0.264576592,2.558174905,-0.076323558
1995-01-01,-0.509343961,-0.24817173,2.675865992,-0.063559708
1995-02-01,-0.487003584,-0.255732965,1.727043588,-0.068567701
1995-03-01,-0.492158814,-0.268470693,2.207987421,-0.058447925
1995-04-01,-0.44026911,-0.303550458,2.387766625,-0.071892897
1995-05-01,-0.447307922,-0.308952225,2.668123827,-0.035909925
1995-06-01,-0.492413841,-0.309728329,2.976234414,0.04178494
1995-07-01,-0.554813818,-0.311932946,2.681978843,0.114000826
1995-08-01,-0.532706366,-0.289820818,2.668777157,0.097653404
1995-09-01,-0.515311672,-0.279698599,2.05819083,0.139330826
1995-10-01,-0.546884833,-0.281063549,2.313374536,0.204123159
1995-11-01,-0.516581441,-0.272343422,3.140517879,0.184019437
1995-12-01,-0.455442369,-0.269721156,2.6814874,0.20263089
1996-01-01,-0.457661623,-0.262836261,2.54601227,0.238445864
1996-02-01,-0.433164206,-0.263877828,1.641771919,0.276331183
1996-03-01,-0.392441434,-0.263147824,2.760855223,0.319993301
1996-04-01,-0.354660868,-0.262930286,2.51097561,0.351383118
1996-05-01,-0.43217347,-0.260226346,2.586909976,0.38917299
1996-06-01,-0.450104603,-0.257094854,2.416852977,0.344663072
1996-07-01,-0.405216436,-0.25808423,2.725757576,0.329279728
1996-08-01,-0.380795605,-0.264865995,2.389782346,0.261804513
1996-09-01,-0.313662992,-0.260242164,2.434598672,0.118263504
1996-10-01,-0.25326859,-0.254950437,2.098433735,0.046640992
1996-11-01,-0.291580726,-0.259913433,2.867837838,0.008356015
1996-12-01,-0.243053964,-0.253735135,2.511918465,0.004262636
1997-01-01,-0.270486169,-0.245234624,2.876889952,0.034464004
1997-02-01,-0.386200395,-0.228158452,2.62051374,0.042187049
1997-03-01,-0.428793399,-0.218187906,2.517830751,0.057845054
1997-04-01,-0.485916918,-0.214336562,2.54251041,0.041289272
1997-05-01,-0.420398449,-0.226170133,2.674703088,0.021523448
1997-06-01,-0.485136665,-0.230985405,3.035387803,-0.040407276
1997-07-01,-0.465395942,-0.219801181,3.631560284,-0.084760009
1997-08-01,-0.441756146,-0.203112938,3.250979929,-0.072563822
1997-09-01,-0.43768588,-0.200534932,2.828609311,-0.089890848
1997-10-01,-0.380789805,-0.193525204,2.614287397,-0.061647521
1997-11-01,-0.429434385,-0.179012694,2.789823737,-0.090846846
1997-12-01,-0.52939735,-0.144557945,2.815334115,-0.090174221
1998-01-01,-0.625924801,-0.117305538,2.463887588,-0.06792551
1998-02-01,-0.662017673,-0.134272106,2.753551402,-0.057599939
1998-03-01,-0.719818364,-0.137563711,2.932097902,-0.054388222
1998-04-01,-0.70030487,-0.140318857,2.623065736,-0.082987117
1998-05-01,-0.683729385,-0.132557265,2.677119628,-0.083308188
1998-06-01,-0.771558987,-0.111256734,2.66115942,-0.095043934
1998-07-01,-0.762127178,-0.108303745,2.415176403,-0.117950185
1998-08-01,-0.793217816,-0.092799141,2.590531178,-0.194769103
1998-09-01,-0.705206916,-0.110185535,2.535072046,-0.198863645
1998-10-01,-0.744967303,-0.138701678,2.12091954,-0.15089813
1998-11-01,-0.826057922,-0.142093251,1.654546498,-0.160112048
1998-12-01,-0.931677322,-0.151139381,1.637706422,-0.162798147
1999-01-01,-0.859166113,-0.150314076,2.509336384,-0.133545401
1999-02-01,-0.904748361,-0.138166532,3.755849487,-0.181083661
1999-03-01,-0.750514878,-0.127264125,2.84546697,-0.201734749
1999-04-01,-0.601145792,-0.128122096,2.239886105,-0.249053763
1999-05-01,-0.596859508,-0.130939672,2.451052931,-0.255934979
1999-06-01,-0.58251537,-0.126559101,2.754912082,-0.246247427
1999-07-01,-0.462418931,-0.123977601,2.736968839,-0.309138141
1999-08-01,-0.40628912,-0.133726382,2.001993205,-0.313007309
1999-09-01,-0.320723629,-0.137691642,2.421389046,-0.335045042
1999-10-01,-0.340438766,-0.142597356,2.378330513,-0.36232252
1999-11-01,-0.268862352,-0.139631612,3.045253093,-0.352509158
1999-12-01,-0.229442223,-0.138638646,2.504884896,-0.346125332
2000-01-01,-0.215198055,-0.139095968,3.077847534,-0.301840249
2000-02-01,-0.159616712,-0.12555335,2.640095132,-0.300702942
2000-03-01,-0.155738238,-0.120909213,3.459102064,-0.331773026
2000-04-01,-0.282778781,-0.115363396,2.761449275,-0.344206797
2000-05-01,-0.159111089,-0.093611774,3.345555556,-0.35119267
2000-06-01,-0.092833235,-0.102220229,3.027770383,-0.430489639
2000-07-01,-0.133941276,-0.099425552,3.303663531,-0.499667456
2000-08-01,-0.089820722,-0.09487793,3.439530646,-0.498897769
2000-09-01,-0.014883205,-0.080762814,3.575757576,-0.47606285
2000-10-01,-0.035405534,-0.066762225,3.471187466,-0.420231958
2000-11-01,-0.000891403,-0.061017174,3.975814591,-0.396997208
2000-12-01,-0.161754983,-0.06902827,2.922245345,-0.36208444
2001-01-01,-0.172665921,-0.065687394,2.310021846,-0.392300207
2001-02-01,-0.14813241,-0.058185596,1.824899073,-0.400326124
2001-03-01,-0.210199753,-0.043687156,1.809885808,-0.405797718
2001-04-01,-0.191646403,-0.038034789,1.917722343,-0.436429587
2001-05-01,-0.152173833,-0.037552688,0.804623714,-0.445706416
2001-06-01,-0.166529204,-0.030108345,0.680707726,-0.448962892
2001-07-01,-0.235396673,-0.028936792,0.487873718,-0.39097168
2001-08-01,-0.204316004,-0.046813738,0.994408602,-0.390336338
2001-09-01,-0.236543224,-0.041157333,0.494077253,-0.39881999
2001-10-01,-0.375404443,-0.037783307,-0.839464381,-0.393887063
2001-11-01,-0.466133697,-0.033576317,-0.909262427,-0.366959314
2001-12-01,-0.466260961,-0.034095253,-1.084813234,-0.339047956
2002-01-01,-0.451891671,-0.022922173,-0.476528442,-0.321624921
2002-02-01,-0.414412418,-0.017409575,0.0314862,-0.326278711
2002-03-01,-0.275428592,-0.022442848,-0.329766826,-0.352924305
2002-04-01,-0.2195781,-0.024111678,-0.183754627,-0.370832131
2002-05-01,-0.210736248,-0.037334778,-0.384164905,-0.349142662
2002-06-01,-0.258444864,-0.050499617,0.013125988,-0.300790044
2002-07-01,-0.222868838,-0.064988211,-0.635789474,-0.248487686
2002-08-01,-0.191659105,-0.05280711,-0.693354364,-0.192093147
2002-09-01,-0.142147998,-0.045105709,-0.469737533,-0.13673124
2002-10-01,-0.158819612,-0.0379208,-0.09451596,-0.157525847
2002-11-01,-0.254778561,-0.049306689,-0.44276529,-0.181052472
2002-12-01,-0.136550884,-0.054637813,-0.689895561,-0.214819941
2003-01-01,-0.059868052,-0.066629088,-0.080651381,-0.244402835
2003-02-01,0.006139129,-0.065465127,0.337100469,-0.262398934
2003-03-01,-0.106392161,-0.070287953,0.922099792,-0.307541251
2003-04-01,-0.223275862,-0.081248259,0.298831169,-0.284190442
2003-05-01,-0.19965412,-0.115207992,0.031038961,-0.264550013
2003-06-01,-0.151948972,-0.119990627,-0.95012987,-0.289286688
2003-07-01,-0.138830109,-0.107762306,-0.55152929,-0.347694975
2003-08-01,-0.109426877,-0.094641421,-0.500777202,-0.307740135
2003-09-01,-0.197325955,-0.104920198,-0.300951396,-0.297319394
2003-10-01,-0.1390919,-0.127670753,0.093553719,-0.29385361
2003-11-01,-0.12960194,-0.13155242,-0.102524522,-0.254488727
2003-12-01,-0.084080869,-0.145152915,-0.337113402,-0.233754625
2004-01-01,-0.055703499,-0.160282404,-0.975670103,-0.2136903
2004-02-01,-0.062359243,-0.153971859,-1.747651905,-0.194933755
2004-03-01,0.000915845,-0.144866963,-1.732147996,-0.150713708
2004-04-01,0.000533835,-0.138629642,-1.72803489,-0.134881956
2004-05-01,0.085831373,-0.121267051,-1.230639386,-0.181247279
2004-06-01,0.042610779,-0.129653825,-0.567672282,-0.218834385
2004-07-01,0.095439281,-0.137354857,-0.097115189,-0.304796737
2004-08-01,0.171787046,-0.137566709,-0.351129196,-0.325892559
2004-09-01,0.158155311,-0.140457165,-0.585772358,-0.339061983
2004-10-01,0.258524229,-0.15229494,-1.084083291,-0.363227633
2004-11-01,0.15335778,-0.174961418,-0.157848101,-0.341290898
2004-12-01,0.102368344,-0.187127012,-0.033345124,-0.311595428
2005-01-01,0.178461827,-0.183185049,0.111139687,-0.304242423
2005-02-01,0.205787919,-0.180338611,-0.481148036,-0.31994972
2005-03-01,0.307836457,-0.184349984,0.327939698,-0.304548155
2005-04-01,0.298533552,-0.174576585,0.57338014,-0.34032533
2005-05-01,0.250338276,-0.172151708,1.84049975,-0.34076922
2005-06-01,0.356420787,-0.163233216,1.571398601,-0.343694263
2005-07-01,0.388530858,-0.156323466,2.022992519,-0.317351536
2005-08-01,0.471489852,-0.164922432,2.044187438,-0.333850247
2005-09-01,0.454809006,-0.155882627,1.22985565,-0.364911714
2005-10-01,0.38704395,-0.146947012,0.925315763,-0.352038453
2005-11-01,0.334754607,-0.145615242,0.899374069,-0.383444723
2005-12-01,0.374493654,-0.153766661,1.513762376,-0.34151894
2006-01-01,0.436166192,-0.165522451,2.067160494,-0.331978798
2006-02-01,0.410695722,-0.16342088,1.471420118,-0.270655392
2006-03-01,0.424200275,-0.161541731,1.360393701,-0.286801528
2006-04-01,0.511067956,-0.166494136,1.063654224,-0.281938674
2006-05-01,0.506441166,-0.186489753,1.587351933,-0.254083059
2006-06-01,0.499751033,-0.17354936,1.8603125,-0.253560938
2006-07-01,0.549243794,-0.171735896,2.223612463,-0.226771957
2006-08-01,0.538204403,-0.176112651,2.434502186,-0.243471201
2006-09-01,0.41345946,-0.179605595,2.289398934,-0.204768725
2006-10-01,0.376686099,-0.18254507,2.985764023,-0.096864517
2006-11-01,0.376028835,-0.192933502,3.202548263,-0.046505338
2006-12-01,0.408872573,-0.199439242,2.923217726,-0.063930019
2007-01-01,0.30655695,-0.189638001,2.410221367,-0.044551571
2007-02-01,0.360360496,-0.191354524,2.496602595,-0.019267535
2007-03-01,0.385200766,-0.193881452,2.740575264,-0.050451378
2007-04-01,0.434836175,-0.205803531,3.104633132,-0.118057775
2007-05-01,0.425189521,-0.212931415,2.869605956,-0.107476107
2007-06-01,0.464547183,-0.215648591,2.653356997,-0.053604054
2007-07-01,0.523133044,-0.230328357,2.799605633,-0.093911999
2007-08-01,0.49962837,-0.227880571,1.990790524,-0.047526823
2007-09-01,0.572136162,-0.239905263,1.41529973,0.045178888
2007-10-01,0.633318591,-0.261921393,0.98031963,0.064611138
2007-11-01,0.71292389,-0.27379227,0.218296889,0.050493962
2007-12-01,0.701584457,-0.266592809,-0.166774332,0.132379084
2008-01-01,0.708886538,-0.27395491,0.36873413,0.188708785
2008-02-01,0.750617885,-0.286531618,-0.227444269,0.297390285
2008-03-01,0.793036754,-0.305818344,-0.242647879,0.366962737
2008-04-01,0.842792853,-0.310609593,-0.59476389,0.451576664
2008-05-01,0.925586638,-0.306683147,-0.176547461,0.394400328
2008-06-01,0.982324958,-0.300749876,-0.837626294,0.398291707
2008-07-01,0.975425211,-0.304907028,-1.172720835,0.316497975
2008-08-01,0.86599055,-0.280754428,-0.63795415,0.275148924
2008-09-01,0.755052828,-0.257016016,-0.269961112,0.250841733
2008-10-01,0.527737827,-0.201450701,-0.222626132,0.108421409
2008-11-01,0.333418626,-0.192836327,-0.144085487,0.069124126
2008-12-01,0.144821037,-0.208618332,-1.014463513,0.066190562
2009-01-01,0.170153907,-0.199865674,-1.444752331,0.149874416
2009-02-01,0.110263491,-0.171734862,-2.210004979,0.129392169
2009-03-01,0.180931347,-0.169826621,-2.342823382,0.144395954
2009-04-01,0.216733353,-0.194959423,-1.902660428,0.125867008
2009-05-01,0.329302869,-0.224794072,-1.491454688,0.163284512
2009-06-01,0.464691028,-0.231650571,-0.9136607,0.167271706
2009-07-01,0.408244696,-0.235946371,-0.96938328,0.0765624
2009-08-01,0.483045705,-0.247496602,-1.228033445,0.014196541
2009-09-01,0.4438876,-0.255079692,-1.986578269,-0.015237492
2009-10-01,0.519649594,-0.268433101,-1.936113088,0.021039899
2009-11-01,0.55261485,-0.273793415,-1.541408214,0.069563935
2009-12-01,0.530313763,-0.270862412,-0.038901791,0.072560933
2010-01-01,0.550020104,-0.270403471,0.04912206,0.038477968
2010-02-01,0.524778304,-0.258395444,0.195142614,-0.001496198
2010-03-01,0.558788441,-0.268755529,-0.454035063,-0.043819593
2010-04-01,0.601579101,-0.276158882,-0.576053953,-0.076725573
2010-05-01,0.505953336,-0.251321272,-0.845621515,-0.086456019
2010-06-01,0.50574694,-0.246668102,-1.040968983,-0.144055679
2010-07-01,0.500749668,-0.262546311,-0.880526235,-0.069304601
2010-08-01,0.506807625,-0.271048561,-0.57199165,0.017533074
2010-09-01,0.510778233,-0.282593261,-0.406230276,0.127823731
2010-10-01,0.563124622,-0.311093311,-0.68221206,0.187856021
2010-11-01,0.595361039,-0.310970874,-0.76023859,0.205616672
2010-12-01,0.648711177,-0.303158824,-1.355047318,0.254988639
2011-01-01,0.670926584,-0.315924296,-1.644053146,0.275191712
2011-02-01,0.698056021,-0.321544852,-2.006640596,0.327460397
2011-03-01,0.770918635,-0.329891207,-2.038095837,0.271317344
2011-04-01,0.813985653,-0.345329623,-2.303457857,0.312226583
2011-05-01,0.743046931,-0.345670444,-2.661819565,0.299868985
2011-06-01,0.727496493,-0.347270283,-2.726533523,0.300018431
2011-07-01,0.744620956,-0.354180523,-2.682155619,0.275917857
2011-08-01,0.687119473,-0.347075555,-2.062573784,0.324840105
2011-09-01,0.688690083,-0.318513829,-1.940604794,0.304443209
2011-10-01,0.692206121,-0.312617305,-1.658559414,0.263432636
2011-11-01,0.73110296,-0.307129447,-1.941478426,0.260182339
2011-12-01,0.728301522,-0.299195682,-1.961726256,0.21821508
